VMName,IPAddress,SubnetMask,Gateway,DNSServer
hfavladm14q101,10.54.0.19,255.255.248.0,10.54.7.254,10.54.2.10
hfavladmq001,10.54.0.20,255.255.248.0,10.54.7.254,10.54.2.10
hfavladmq101,10.54.0.21,255.255.248.0,10.54.7.254,10.54.2.10
hfavlbibd001,10.54.0.22,255.255.248.0,10.54.7.254,10.54.2.10
hfavlbibq001,10.54.0.23,255.255.248.0,10.54.7.254,10.54.2.10
hfavldbsp004,10.54.0.24,255.255.248.0,10.54.7.254,10.54.2.10
hfavldckrdd01,10.54.0.25,255.255.248.0,10.54.7.254,10.54.2.10
hfavldockrt01,10.54.0.27,255.255.248.0,10.54.7.254,10.54.2.10
hfavldscd01,10.54.1.77,255.255.248.0,10.54.7.254,10.54.2.10
hfavlgitd002,10.54.0.28,255.255.248.0,10.54.7.254,10.54.2.10
hfavlgrfnd01,10.54.0.29,255.255.248.0,10.54.7.254,10.54.2.10
hfavlitcdkm1,10.54.0.30,255.255.248.0,10.54.7.254,10.54.2.10
hfavljee14q101,10.54.0.31,255.255.248.0,10.54.7.254,10.54.2.10
hfavljee14q102,10.54.0.32,255.255.248.0,10.54.7.254,10.54.2.10
hfavljeeq001,10.54.0.33,255.255.248.0,10.54.7.254,10.54.2.10
hfavljeeq002,10.54.0.34,255.255.248.0,10.54.7.254,10.54.2.10
hfavljeeq101,10.54.0.35,255.255.248.0,10.54.7.254,10.54.2.10
hfavljeeq102,10.54.0.36,255.255.248.0,10.54.7.254,10.54.2.10
hfavljeeq2q001,10.54.0.37,255.255.248.0,10.54.7.254,10.54.2.10
hfavljirad001,10.54.0.39,255.255.248.0,10.54.7.254,10.54.2.10
hfavljiraq001,10.54.0.40,255.255.248.0,10.54.7.254,10.54.2.10
hfavljnk0d01,10.54.1.137,255.255.248.0,10.54.7.254,10.54.2.10
hfavljnkd001,10.54.0.42,255.255.248.0,10.54.7.254,10.54.2.10
hfavljnkd002,10.54.0.43,255.255.248.0,10.54.7.254,10.54.2.10
hfavljnkpvd001,10.54.0.44,255.255.248.0,10.54.7.254,10.54.2.10
hfavljnkpvd01,,255.255.248.0,10.54.7.254,10.54.2.10
hfavljnkq001,10.54.0.45,255.255.248.0,10.54.7.254,10.54.2.10
hfavlkfkccq01,10.54.0.47,255.255.248.0,10.54.7.254,10.54.2.10
hfavlkfkcod01,10.54.0.48,255.255.248.0,10.54.7.254,10.54.2.10
hfavlkfkcoq01,10.54.0.49,255.255.248.0,10.54.7.254,10.54.2.10
hfavlkfkcoq02,10.54.0.50,255.255.248.0,10.54.7.254,10.54.2.10
hfavlkfkd01,10.54.0.51,255.255.248.0,10.54.7.254,10.54.2.10
hfavlkubemd01,10.54.0.52,255.255.248.0,10.54.7.254,10.54.2.10
hfavlkubewd01,10.54.0.53,255.255.248.0,10.54.7.254,10.54.2.10
hfavlkubewd02,10.54.0.54,255.255.248.0,10.54.7.254,10.54.2.10
hfavlmgwpd001,10.54.0.55,255.255.248.0,10.54.7.254,10.54.2.10
hfavlmsopsd01,10.54.0.56,255.255.248.0,10.54.7.254,10.54.2.10
hfavlngxd001,10.54.0.57,255.255.248.0,10.54.7.254,10.54.2.10
hfavlnxsd001,10.54.0.58,255.255.248.0,10.54.7.254,10.54.2.10
hfavlofkt001,10.54.0.59,255.255.248.0,10.54.7.254,10.54.2.10
hfavlosb14q101,10.54.0.60,255.255.248.0,10.54.7.254,10.54.2.10
hfavlosb14q102,10.54.0.61,255.255.248.0,10.54.7.254,10.54.2.10
hfavlosbd001,10.54.0.62,255.255.248.0,10.54.7.254,10.54.2.10
hfavlosbd101,10.54.0.63,255.255.248.0,10.54.7.254,10.54.2.10
hfavlosbeld01,10.54.1.149,255.255.248.0,10.54.7.254,10.54.2.10
hfavlosbq001,10.54.0.64,255.255.248.0,10.54.7.254,10.54.2.10
hfavlosbq002,10.54.0.64,255.255.248.0,10.54.7.254,10.54.2.10
hfavlosbq101,10.54.0.66,255.255.248.0,10.54.7.254,10.54.2.10
hfavlosbq102,10.54.0.67,255.255.248.0,10.54.7.254,10.54.2.10
hfavlosbq201,10.54.0.69,255.255.248.0,10.54.7.254,10.54.2.10
hfavlprmtd01,10.54.0.70,255.255.248.0,10.54.7.254,10.54.2.10
hfavlpupd001,10.54.0.71,255.255.248.0,10.54.7.254,10.54.2.10
hfavlpvtjbp01,10.54.0.72,255.255.248.0,10.54.7.254,10.54.2.10
hfavlsgaq01,10.54.0.73,255.255.248.0,10.54.7.254,10.54.2.10
hfavlsoa14q101,10.54.0.74,255.255.248.0,10.54.7.254,10.54.2.10
hfavlsoa14q102,10.54.0.75,255.255.248.0,10.54.7.254,10.54.2.10
hfavlsoad001,10.54.0.76,255.255.248.0,10.54.7.254,10.54.2.10
hfavlsoad101,10.54.0.77,255.255.248.0,10.54.7.254,10.54.2.10
hfavlsoadbq001,10.54.0.78,255.255.248.0,10.54.7.254,10.54.2.10
hfavlsoaq001,10.54.0.79,255.255.248.0,10.54.7.254,10.54.2.10
hfavlsoaq002,10.54.0.80,255.255.248.0,10.54.7.254,10.54.2.10
hfavlsoaq111,10.54.0.81,255.255.248.0,10.54.7.254,10.54.2.10
hfavlsoaq112,10.54.0.82,255.255.248.0,10.54.7.254,10.54.2.10
hfavlsoaq201,10.54.0.83,255.255.248.0,10.54.7.254,10.54.2.10
